{
	"-": "[",
	"=": "]",
	"q": "'",
	"w": ",",
	"e": ".",
	"r": "p",
	"t": "y",
	"y": "f",
	"u": "g",
	"i": "c",
	"o": "r",
	"p": "l",
	"[": "/",
	"]": "=",
	"s": "o",
	"d": "e",
	"f": "u",
	"g": "i",
	"h": "d",
	"j": "h",
	"k": "t",
	"l": "n",
	";": "s",
	"'": "-",
	"z": ";",
	"x": "q",
	"c": "j",
	"v": "k",
	"b": "x",
	"n": "b",
	",": "w",
	".": "v",
	"/": "z",
	"_": "{",
	"+": "}",
	"Q": "\"",
	"W": "<",
	"E": ">",
	"R": "P",
	"T": "Y",
	"Y": "F",
	"U": "G",
	"I": "C",
	"O": "R",
	"P": "L",
	"{": "?",
	"}": "+",
	"S": "O",
	"D": "E",
	"F": "U",
	"G": "I",
	"H": "D",
	"J": "H",
	"K": "T",
	"L": "N",
	":": "S",
	"\"": "_",
	"Z": ":",
	"X": "Q",
	"C": "J",
	"V": "K",
	"B": "X",
	"N": "B",
	"<": "W",
	">": "V",
	"?": "Z"
}
