{
	"alarm": "alarm.mp3",
	"ayaya": "ayaya.mp3",
	"car crash": "car-crash.mp3",
	"cat": "cat.mp3",
	"cow": "cow.mp3",
	"doh": "doh.mp3",
	"dun-dun-dun": "dun-dun-dun.mp3",
	"eat my shorts": "eat-my-shorts.mp3",
	"glados bird": "glados-bird.mp3",
	"it's a trap": "its-a-trap.mp3",
	"laugh track": "laugh-track.mp3",
	"mario death": "mario-death.mp3",
	"no this is patrick": "no-this-is-patrick.mp3",
	"pikachu": "pikachu.mp3",
	"pokemon center": "pokemon-center.mp3",
	"space": "space.mp3",
	"spongebob laugh": "spongebob-laugh.mp3",
	"ugly barnacle": "ugly-barnacle.mp3",
	"vader": "vader.mp3",
	"woohoo": "woohoo.mp3",
	"wumbo": "wumbo.mp3",
	"zelda chest": "zelda-chest.mp3"
}
